{
  "project_info": {
    "project_number": "599981642098",
    "firebase_url": "https://rentalku-d6851.firebaseio.com",
    "project_id": "rentalku-d6851",
    "storage_bucket": "rentalku-d6851.appspot.com"
  },
  "client": [
    {
      "client_info": {
        "mobilesdk_app_id": "1:599981642098:android:2e62934a6563ce25",
        "android_client_info": {
          "package_name": "com.example.haruskuat.rentalku"
        }
      },
      "oauth_client": [
        {
          "client_id": "599981642098-i39o8v5b31qoarbd60gnno8hbr9pn4vf.apps.googleusercontent.com",
          "client_type": 1,
          "android_info": {
            "package_name": "com.example.haruskuat.rentalku",
            "certificate_hash": "1ee325fb56290eb200f351e7fcec8042cafc3de3"
          }
        },
        {
          "client_id": "599981642098-butkct0k7prh4of8ptjlt1qp37j30auc.apps.googleusercontent.com",
          "client_type": 3
        }
      ],
      "api_key": [
        {
          "current_key": "AIzaSyDtAYXVFNBTOqw3dZvQd2VIBv1jOkCKNgg"
        }
      ],
      "services": {
        "analytics_service": {
          "status": 1
        },
        "appinvite_service": {
          "status": 2,
          "other_platform_oauth_client": [
            {
              "client_id": "599981642098-butkct0k7prh4of8ptjlt1qp37j30auc.apps.googleusercontent.com",
              "client_type": 3
            }
          ]
        },
        "ads_service": {
          "status": 2
        }
      }
    },
    {
      "client_info": {
        "mobilesdk_app_id": "1:599981642098:android:c813bfc8f8829199",
        "android_client_info": {
          "package_name": "com.lobothijau.carouselsederhana"
        }
      },
      "oauth_client": [
        {
          "client_id": "599981642098-pcfjf8c68kugrukkukknpl1dq1lka4pg.apps.googleusercontent.com",
          "client_type": 1,
          "android_info": {
            "package_name": "com.lobothijau.carouselsederhana",
            "certificate_hash": "a22e3836bc5f5cfd5930cc52767d945491f896d2"
          }
        },
        {
          "client_id": "599981642098-butkct0k7prh4of8ptjlt1qp37j30auc.apps.googleusercontent.com",
          "client_type": 3
        }
      ],
      "api_key": [
        {
          "current_key": "AIzaSyDtAYXVFNBTOqw3dZvQd2VIBv1jOkCKNgg"
        }
      ],
      "services": {
        "analytics_service": {
          "status": 1
        },
        "appinvite_service": {
          "status": 2,
          "other_platform_oauth_client": [
            {
              "client_id": "599981642098-butkct0k7prh4of8ptjlt1qp37j30auc.apps.googleusercontent.com",
              "client_type": 3
            }
          ]
        },
        "ads_service": {
          "status": 2
        }
      }
    }
  ],
  "configuration_version": "1"
}